Event,Race
Compressport Utm 2019,Utm Endurance
Compressport Utm 2019,Utm
Compressport Utm 2019,Tm
Crown King Scramble 2019,Crown King Scramble 50K
Ecotrail Florence 2019,Ecotrail Florence 80K
Ecotrail Florence 2019,43K
I Ultra Héroes Contra Duchenne 2019,Ultra Héroes Contra Duchenne
I Ultra Héroes Contra Duchenne 2019,Maraton Héroes Contra Duchenne
Indomit Pedra Do Baú 2019,50 Km
Indomit Pedra Do Baú 2019,35 Km
Indomit Pedra Do Baú 2019,21 Km
Indomit Pedra Do Baú 2019,12 Km
Iremel Yarish 2019,Iremel Yarish
Mountain Range Shatin 50  2019,50
Mountain Range Shatin 50  2019,50 Team
Mountain Range Shatin 50  2019,30
Msig Ultra @ Tai Po 2019,Msig Ultra @ Tai Po 119
Msig Ultra @ Tai Po 2019,Msig Ultra @taipo119Pairs
Msig Ultra @ Tai Po 2019,Msig Trail@ultratai Po75Pairs
Msig Ultra @ Tai Po 2019,Msig Trail @ Ultra Tai Po 75
Msig Ultra @ Tai Po 2019,Msig Trail @ Ultra Tai Po 44
Msig Ultra @ Tai Po 2019,Msig Trail@ultratai Po44Pairs
Msig Ultra @ Tai Po 2019,Msig Trail @ Ultra Tai Po 18
Msig Ultra @ Tai Po 2019,Msig Trail @ Ultrataipo18Pairs
Navyfrog Trail Challenges 2019,Navyfrog 50
Navyfrog Trail Challenges 2019,Navyfrog 25
Piekrastes Stirnu Buks 2019,Lūsis (Bobcat)
Piekrastes Stirnu Buks 2019,Stirnu Buks (Roebuck
Piekrastes Stirnu Buks 2019,Zaķis (Hare)
Primavera Trail Race 2019,Maraton
Reventón Trail El Paso 2019,Maratón Race
Reventón Trail El Paso 2019,Classic Race
Reventón Trail El Paso 2019,Sprint Race
Run Guizhou League—Mt Xiwang Ut 2019,Mt Xiwang Ultra Trail - Xifeng
The North Face Peru Endurance Challenge 2019,80Km
The North Face Peru Endurance Challenge 2019,50 Km
The North Face Peru Endurance Challenge 2019,21 Km
Ultra Sierra Norte 2019,Ultra Sierra Norte
Ultra-Trail Luang Prabang 2019,96Km
Ultra-Trail Luang Prabang 2019,61Km
Ultra-Trail Luang Prabang 2019,30Km
Xiling Gorge Cross Country Race 2019,50Km
Xiling Gorge Cross Country Race 2019,25Km
Jingxigudao Beijing West Trail  2019,Jingxigudao West Trail 50Km
Dorset Ooser 2019,Dorset Ooser Marathon
Gurye Mt.jiri Skyrace 2019,Gurte Mt.jiri Skyrace Ultra
Gurye Mt.jiri Skyrace 2019,Gurye Mt.jiri Skyrace Half
Running Trip 2019,Running Trip Sun And Wine
Salomon To The Top Of Hk Challenge 2019,Salomon Ttthk Challenge 40Km
Salomon To The Top Of Hk Challenge 2019,26Km
Trail CaĂąadas Del Pixquiac 2019,Pixquiac 30K
Trail CaĂąadas Del Pixquiac 2019,Pixquiac 22K
Trail Mallos De Riglos 2019,Trail Mallos De Riglos
